symbol,code,name,sector[shareinvestor : sg : daily]
.STI,STI,STRAITS TIMES INDEX,Index,Index
.FTFSTAS,FSTAS,FTSE ST ALL-SHARE INDEX,Index,Index
.FTFSTAS0001,FSTAS0001,FTSE ST OIL & GAS INDEX,Index,Index
.FTFSTAS1000,FSTAS1000,FTSE ST BASIC MATERIALS INDEX,Index,Index
.FTFSTAS2000,FSTAS2000,FTSE ST INDUSTRIALS INDEX,Index,Index
.FTFSTAS3000,FSTAS3000,FTSE ST CONSUMER GOODS INDEX,Index,Index
.FTFSTAS4000,FSTAS4000,FTSE ST HEALTH CARE INDEX,Index,Index
.FTFSTAS5000,FSTAS5000,FTSE ST CONSUMER SERVICES INDEX,Index,Index
.FTFSTAS6000,FSTAS6000,FTSE ST TELECOMMUNICATIONS INDEX,Index,Index
.FTFSTAS7000,FSTAS7000,FTSE ST UTILITIES INDEX,Index,Index
.FTFSTAS8000,FSTAS8000,FTSE ST FINANCIALS INDEX,Index,Index
.FTFSTAS8600,FSTAS8600,FTSE ST REAL ESTATE INDEX,Index,Index
.FTFSTAS8630,FSTAS8630,FTSE ST REAL ESTATE HOLDING AND DEVELOPMENT INDEX,Index,Index
.FTFSTAS8670,FSTAS8670,FTSE ST REAL ESTATE INVESTMENT TRUSTS INDEX,Index,Index
.FTFSTAS9000,FSTAS9000,FTSE ST TECHNOLOGY INDEX,Index,Index
.FTFSTAM,FSTAM,FTSE ST MARITIME INDEX,Index,Index
.FTFSTC,FSTC,FTSE ST CHINA INDEX,Index,Index
.FTFSTCT,FSTCT,FTSE ST CHINA TOP INDEX,Index,Index
.FTFSTF,FSTF,FTSE ST FLEDGLING INDEX,Index,Index
.FTFSTICA,FSTICA,FTSE ST CATALIST INDEX,Index,Index
.FTFSTM,FSTM,FTSE ST MID CAP INDEX,Index,Index
.FTFSTS,FSTS,FTSE ST SMALL CAP INDEX,Index,Index
1A0.SI,1A0,Katrina Group Ltd.,Hotels | Restaurants and Leisure,Consumer Services
1A1.SI,1A1,Wong Fong Industries Limited,Machinery,Capital Goods
1A4.SI,1A4,AGV Group Limited,Metals and Mining,Materials
1B0.SI,1B0,mm2 Asia Ltd.,Media,Media
1B1.SI,1B1,HC Surgical Specialists Limited,Healthcare Providers and Services,Healthcare Equipment and Services
40B.SI,40B,SMJ International Holdings Ltd.,Distributors,Retailing
40D.SI,40D,Starburst Holdings Limited,Aerospace and Defense,Capital Goods
40E.SI,40E,Spackman Entertainment Group Limited,Media,Media
40F.SI,40F,Alliance Mineral Assets Limited,Metals and Mining,Materials
40I.SI,40I,Terratech Group Limited,Metals and Mining,Materials
40N.SI,40N,Versalink Holdings Limited,Commercial Services and Supplies,Commercial and Professional Services
40R.SI,40R,Serrano Limited,Building Products,Capital Goods
40S.SI,40S,Perennial Real Estate Holdings Limited,Real Estate Management and Development,Real Estate
40T.SI,40T,ISEC Healthcare Ltd.,Healthcare Providers and Services,Healthcare Equipment and Services
40U.SI,40U,MS Holdings Limited,Trading Companies and Distributors,Capital Goods
40V.SI,40V,Singapore eDevelopment Limited,Construction and Engineering,Capital Goods
40W.SI,40W,ZICO Holdings Inc.,Professional Services,Commercial and Professional Services
41A.SI,41A,UG Healthcare Corporation Limited,Healthcare Equipment and Supplies,Healthcare Equipment and Services
41B.SI,41B,Huationg Global Limited,Construction and Engineering,Capital Goods
41F.SI,41F,GSS Energy Limited,Electronic Equipment | Instruments and Components,Technology Hardware and Equipment
41H.SI,41H,BlackGold Natural Resources Limited,Oil | Gas and Consumable Fuels,Energy
41O.SI,41O,LHN Limited,Real Estate Management and Development,Real Estate
41S.SI,41S,Magnus Energy Group Ltd.,Energy Equipment and Services,Energy
41T.SI,41T,GCCP Resources Limited,Construction Materials,Materials
41X.SI,41X,Singapore O&G Ltd.,Healthcare Providers and Services,Healthcare Equipment and Services
42C.SI,42C,Ix Biopharma Ltd.,Pharmaceuticals,Pharmaceuticals | Biotechnology and Life Sciences
42D.SI,42D,NauticAWT Limited,Energy Equipment and Services,Energy
42E.SI,42E,Choo Chiang Holdings Ltd.,Specialty Retail,Retailing
42F.SI,42F,CMC Infocomm Limited,Diversified Telecommunication Services,Telecommunication Services
42G.SI,42G,Soo Kee Group Ltd.,Specialty Retail,Retailing
42H.SI,42H,Lereno Bio-Chem Ltd.,Oil | Gas and Consumable Fuels,Energy
42L.SI,42L,TLV Holdings Limited,Specialty Retail,Retailing
42N.SI,42N,IPS Securex Holdings Limited,Electronic Equipment | Instruments and Components,Technology Hardware and Equipment
42O.SI,42O,EMS Energy Limited,Energy Equipment and Services,Energy
42R.SI,42R,Jumbo Group Limited,Hotels | Restaurants and Leisure,Consumer Services
42S.SI,42S,Astaka Holdings Limited,Hotels | Restaurants and Leisure,Consumer Services
42T.SI,42T,The Trendlines Group Ltd.,Capital Markets,Diversified Financials
42U.SI,42U,Axcelasia Inc.,Professional Services,Commercial and Professional Services
42W.SI,42W,China Star Food Group Limited,Food Products,Food | Beverage and Tobacco
42Z.SI,42Z,Eindec Corporation Limited,Building Products,Capital Goods
43A.SI,43A,GS Holdings Limited,Commercial Services and Supplies,Commercial and Professional Services
43B.SI,43B,Secura Group Limited,Commercial Services and Supplies,Commercial and Professional Services
43E.SI,43E,Anchor Resources Limited,Metals and Mining,Materials
43F.SI,43F,Acromec Limited,Construction and Engineering,Capital Goods
43J.SI,43J,Vashion Group Ltd.,Electronic Equipment | Instruments and Components,Technology Hardware and Equipment
43P.SI,43P,United Global Limited,Chemicals,Materials
43Q.SI,43Q,Advancer Global Limited,Commercial Services and Supplies,Commercial and Professional Services
500.SI,500,Tai Sin Electric Limited,Electrical Equipment,Capital Goods
502.SI,502,3Cnergy Limited,Real Estate Management and Development,Real Estate
504.SI,504,KLW Holdings Limited,Building Products,Capital Goods
505.SI,505,AsiaMedic Limited,Healthcare Providers and Services,Healthcare Equipment and Services
508.SI,508,Fuji Offset Plates Manufacturing Ltd,Machinery,Capital Goods
510.SI,510,Hiap Seng Engineering Ltd,Energy Equipment and Services,Energy
528.SI,528,Second Chance Properties Ltd,Specialty Retail,Retailing
530.SI,530,Cedar Strategic Holdings Ltd.,Real Estate Management and Development,Real Estate
532.SI,532,Equation Summit Limited,Electronic Equipment | Instruments and Components,Technology Hardware and Equipment
533.SI,533,ABR Holdings Limited,Hotels | Restaurants and Leisure,Consumer Services
539.SI,539,CPH Ltd.,Electronic Equipment | Instruments and Components,Technology Hardware and Equipment
540.SI,540,Tung Lok Restaurants (2000) Ltd,Hotels | Restaurants and Leisure,Consumer Services
541.SI,541,Abundance International Limited,Commercial Services and Supplies,Commercial and Professional Services
543.SI,543,Noel Gifts International Ltd.,Specialty Retail,Retailing
544.SI,544,CSE Global Limited,IT Services,Software and Services
545.SI,545,Vallianz Holdings Limited,Energy Equipment and Services,Energy
546.SI,546,Medtecs International Corporation Limited,Healthcare Equipment and Supplies,Healthcare Equipment and Services
547.SI,547,Nobel Design Holdings Ltd,Specialty Retail,Retailing
554.SI,554,King Wan Corporation Limited,Construction and Engineering,Capital Goods
557.SI,557,Viking Offshore and Marine Limited,Energy Equipment and Services,Energy
558.SI,558,UMS Holdings Limited,Semiconductors and Semiconductor Equipment,Semiconductors and Semiconductor Equipment
561.SI,561,Teckwah Industrial Corporation Ltd,Commercial Services and Supplies,Commercial and Professional Services
564.SI,564,Spindex Industries Limited,Machinery,Capital Goods
566.SI,566,SHS Holdings Ltd.,Oil | Gas and Consumable Fuels,Energy
567.SI,567,Colex Holdings Limited,Commercial Services and Supplies,Commercial and Professional Services
569.SI,569,Vicplas International Ltd,Healthcare Equipment and Supplies,Healthcare Equipment and Services
570.SI,570,Transit-Mixed Concrete Ltd,Construction Materials,Materials
571.SI,571,International Press Softcom Limited,IT Services,Software and Services
573.SI,573,Challenger Technologies Limited,Specialty Retail,Retailing
574.SI,574,TSH Corporation Limited,Household Durables,Consumer Durables and Apparel
575.SI,575,ASTI Holdings Limited,Semiconductors and Semiconductor Equipment,Semiconductors and Semiconductor Equipment
578.SI,578,KS Energy Limited,Trading Companies and Distributors,Capital Goods
579.SI,579,Oceanus Group Limited,Food Products,Food | Beverage and Tobacco
580.SI,580,Santak Holdings Limited,Machinery,Capital Goods
581.SI,581,ITE Electric Co Ltd,Trading Companies and Distributors,Capital Goods
583.SI,583,Progen Holdings Limited,Construction and Engineering,Capital Goods
584.SI,584,OEL (Holdings) Limited,Machinery,Capital Goods
585.SI,585,Asian Micro Holdings Limited,Commercial Services and Supplies,Commercial and Professional Services
586.SI,586,TMC Education Corporation Ltd,Diversified Consumer Services,Consumer Services
588.SI,588,Health Management International Ltd,Healthcare Providers and Services,Healthcare Equipment and Services
591.SI,591,Innovalues Limited,Auto Components,Automobiles and Components
593.SI,593,Lee Metal Group Ltd,Metals and Mining,Materials
594.SI,594,Loyz Energy Limited,Oil | Gas and Consumable Fuels,Energy
595.SI,595,GKE Corporation Limited,Air Freight and Logistics,Transportation
596.SI,596,Pavillon Holdings Ltd.,Hotels | Restaurants and Leisure,Consumer Services
5AE.SI,5AE,Pollux Properties Ltd.,Real Estate Management and Development,Real Estate
5AI.SI,5AI,Sunlight Group Hldg Ltd,Electrical Equipment,Capital Goods
5AL.SI,5AL,Annica Holdings Limited,Energy Equipment and Services,Energy
5AM.SI,5AM,Asiatravel.com Holdings Ltd,Hotels | Restaurants and Leisure,Consumer Services
5AU.SI,5AU,AP Oil International Limited,Chemicals,Materials
5BI.SI,5BI,Polaris Ltd.,Diversified Telecommunication Services,Telecommunication Services
5BS.SI,5BS,Sen Yue Holdings Limited,Chemicals,Materials
5CF.SI,5CF,OKP Holdings Limited,Construction and Engineering,Capital Goods
5CJ.SI,5CJ,Chinese Global Investors Group Ltd.,Building Products,Capital Goods
5CN.SI,5CN,Sinwa Limited,Transportation Infrastructure,Transportation
5CP.SI,5CP,Silverlake Axis Ltd,Software,Software and Services
5CQ.SI,5CQ,Technics Oil & Gas Limited,Energy Equipment and Services,Energy
5CR.SI,5CR,Asiatic Group (Holdings) Limited,Trading Companies and Distributors,Capital Goods
5CT.SI,5CT,ecoWise Holdings Limited,Commercial Services and Supplies,Commercial and Professional Services
5DA.SI,5DA,BreadTalk Group Limited,Food and Staples Retailing,Food and Staples Retailing
5DD.SI,5DD,Micro-Mechanics (Holdings) Ltd.,Semiconductors and Semiconductor Equipment,Semiconductors and Semiconductor Equipment
5DL.SI,5DL,Koon Holdings Limited,Construction and Engineering,Capital Goods
5DM.SI,5DM,Ying Li International Real Estate Limited,Real Estate Management and Development,Real Estate
5DN.SI,5DN,Ezra Holdings Limited,Energy Equipment and Services,Energy
5DO.SI,5DO,Sakae Holdings Ltd.,Hotels | Restaurants and Leisure,Consumer Services
5DP.SI,5DP,Heeton Holdings Limited,Real Estate Management and Development,Real Estate
5DS.SI,5DS,Megachem Limited,Trading Companies and Distributors,Capital Goods
5DX.SI,5DX,Metal Component Engineering Limited,Machinery,Capital Goods
5EB.SI,5EB,CFM Holdings Limited,Machinery,Capital Goods
5EC.SI,5EC,ISR Capital Limited,Capital Markets,Diversified Financials
5EF.SI,5EF,Adventus Holdings Limited,Electronic Equipment | Instruments and Components,Technology Hardware and Equipment
5EG.SI,5EG,Zhongxin Fruit and Juice Limited,Food Products,Food | Beverage and Tobacco
5EK.SI,5EK,SinoCloud Group Limited,IT Services,Software and Services
5EL.SI,5EL,Lasseters International Holdings Limited,Hotels | Restaurants and Leisure,Consumer Services
5EN.SI,5EN,Midas Holdings Limited,Metals and Mining,Materials
5ER.SI,5ER,Best World International Limited,Personal Products,Household and Personal Products
5ET.SI,5ET,Attilan Group Limited,Capital Markets,Diversified Financials
5EV.SI,5EV,Hosen Group Ltd.,Food and Staples Retailing,Food and Staples Retailing
5EW.SI,5EW,Pan Asian Holdings Limited,Machinery,Capital Goods
5F4.SI,5F4,Figtree Holdings Limited,Construction and Engineering,Capital Goods
5F7.SI,5F7,Wilton Resources Corporation Limited,Metals and Mining,Materials
5FA.SI,5FA,JEP Holdings Ltd.,Aerospace and Defense,Capital Goods
5FL.SI,5FL,Falcon Energy Group Limited,Energy Equipment and Services,Energy
5FW.SI,5FW,Acesian Partners Limited,Machinery,Capital Goods
5FX.SI,5FX,New Wave Holdings Ltd.,Trading Companies and Distributors,Capital Goods
5G1.SI,5G1,Eurosports Global Limited,Specialty Retail,Retailing
5G2.SI,5G2,Kim Heng Offshore & Marine Holdings Limited,Energy Equipment and Services,Energy
5G3.SI,5G3,TalkMed Group Limited,Healthcare Providers and Services,Healthcare Equipment and Services
5G4.SI,5G4,Infinio Group Limited,Metals and Mining,Materials
5G9.SI,5G9,Tritech Group Limited,Construction and Engineering,Capital Goods
5GD.SI,5GD,Sunpower Group Ltd.,Machinery,Capital Goods
5GF.SI,5GF,Nico Steel Holdings Limited,Metals and Mining,Materials
5GI.SI,5GI,Interra Resources Limited,Oil | Gas and Consumable Fuels,Energy
5GJ.SI,5GJ,AusGroup Limited,Construction and Engineering,Capital Goods
5GZ.SI,5GZ,AA Group Holdings Ltd.,Electronic Equipment | Instruments and Components,Technology Hardware and Equipment
5H0.SI,5H0,SingHaiyi Group Ltd.,Real Estate Management and Development,Real Estate
5HC.SI,5HC,Ntegrator International Ltd.,IT Services,Software and Services
5HG.SI,5HG,Edition Ltd.,Software,Software and Services
5HH.SI,5HH,Sinjia Land Limited,Chemicals,Materials
5HJ.SI,5HJ,Cityneon Holdings Limited,Commercial Services and Supplies,Commercial and Professional Services
5HT.SI,5HT,Imperium Crown Limited,Real Estate Management and Development,Real Estate
5HV.SI,5HV,Koh Brothers Eco Engineering Limited,Construction and Engineering,Capital Goods
5I0.SI,5I0,QT Vascular Ltd.,Healthcare Equipment and Supplies,Healthcare Equipment and Services
5I1.SI,5I1,KOP Limited,Media,Media
5I4.SI,5I4,ICP Ltd.,Marine,Transportation
5IB.SI,5IB,China Medical (International) Group Limited,Trading Companies and Distributors,Capital Goods
5IC.SI,5IC,Sing Holdings Limited,Real Estate Management and Development,Real Estate
5IE.SI,5IE,Lorenzo International Limited,Household Durables,Consumer Durables and Apparel
5IF.SI,5IF,Natural Cool Holdings Limited,Commercial Services and Supplies,Commercial and Professional Services
5IG.SI,5IG,Gallant Venture Ltd.,Industrial Conglomerates,Capital Goods
5JK.SI,5JK,Hiap Hoe Limited,Real Estate Management and Development,Real Estate
5JS.SI,5JS,Indofood Agri Resources Ltd.,Food Products,Food | Beverage and Tobacco
5KI.SI,5KI,Soup Restaurant Group Limited,Hotels | Restaurants and Leisure,Consumer Services
5LE.SI,5LE,Sitra Holdings (International) Limited,Distributors,Retailing
5LY.SI,5LY,Marco Polo Marine Ltd.,Marine,Transportation
5MD.SI,5MD,Soon Lian Holdings Limited,Trading Companies and Distributors,Capital Goods
5ME.SI,5ME,Ezion Holdings Limited,Energy Equipment and Services,Energy
5ML.SI,5ML,Old Chang Kee Ltd.,Food Products,Food | Beverage and Tobacco
5MM.SI,5MM,Resources Prima Group Limited,Oil | Gas and Consumable Fuels,Energy
5MQ.SI,5MQ,Epicentre Holdings Limited,Specialty Retail,Retailing
5MS.SI,5MS,Memstar Technology Ltd.,Chemicals,Materials
5MZ.SI,5MZ,Kingsmen Creatives Ltd.,Professional Services,Commercial and Professional Services
5NF.SI,5NF,Mencast Holdings Ltd.,Energy Equipment and Services,Energy
5NG.SI,5NG,Healthway Medical Corporation Limited,Healthcare Providers and Services,Healthcare Equipment and Services
5NK.SI,5NK,Artivision Technologies Ltd.,Electronic Equipment | Instruments and Components,Technology Hardware and Equipment
5NV.SI,5NV,Chasen Holdings Limited,Commercial Services and Supplies,Commercial and Professional Services
5OC.SI,5OC,Koyo International Limited,Construction and Engineering,Capital Goods
5OI.SI,5OI,Japan Foods Holding Ltd.,Hotels | Restaurants and Leisure,Consumer Services
5OQ.SI,5OQ,TEHO International Inc Ltd.,Trading Companies and Distributors,Capital Goods
5OR.SI,5OR,Heatec Jietong Holdings Ltd.,Energy Equipment and Services,Energy
5OS.SI,5OS,Jubilee Industries Holdings Ltd.,Machinery,Capital Goods
5OT.SI,5OT,Singapore Medical Group Limited,Healthcare Providers and Services,Healthcare Equipment and Services
5OU.SI,5OU,China Environment Ltd.,Machinery,Capital Goods
5OX.SI,5OX,Mary Chia Holdings Limited,Diversified Consumer Services,Consumer Services
5PC.SI,5PC,Goodland Group Limited,Real Estate Management and Development,Real Estate
5PD.SI,5PD,Hengyang Petrochemical Logistics Limited,Oil | Gas and Consumable Fuels,Energy
5PF.SI,5PF,Jason Marine Group Limited,Marine,Transportation
5PI.SI,5PI,Plato Capital Limited,IT Services,Software and Services
5PL.SI,5PL,SBI Offshore Limited,Trading Companies and Distributors,Capital Goods
5PO.SI,5PO,Hiap Tong Corporation Ltd.,Trading Companies and Distributors,Capital Goods
5QR.SI,5QR,MSM International Limited,Machinery,Capital Goods
5QT.SI,5QT,Charisma Energy Services Limited,Construction and Engineering,Capital Goods
5QY.SI,5QY,Net Pacific Financial Holdings Limited,Thrifts and Mortgage Finance,Banks
5RA.SI,5RA,Asia-Pacific Strategic Investments Limited,Diversified Consumer Services,Consumer Services
5RC.SI,5RC,ES Group (Holdings) Limited,Machinery,Capital Goods
5RE.SI,5RE,Smartflex Holdings Ltd.,Semiconductors and Semiconductor Equipment,Semiconductors and Semiconductor Equipment
5RF.SI,5RF,Mercurius Capital Investment Limited,Textiles | Apparel and Luxury Goods,Consumer Durables and Apparel
5RJ.SI,5RJ,WE Holdings Ltd.,Electronic Equipment | Instruments and Components,Technology Hardware and Equipment
5SO.SI,5SO,Duty Free International Limited,Specialty Retail,Retailing
5SR.SI,5SR,Zhongmin Baihui Retail Group Ltd.,Multiline Retail,Retailing
5SY.SI,5SY,Chew's Group Limited,Food Products,Food | Beverage and Tobacco
5TG.SI,5TG,800 Super Holdings Limited,Commercial Services and Supplies,Commercial and Professional Services
5TI.SI,5TI,Kitchen Culture Holdings Ltd.,Distributors,Retailing
5TJ.SI,5TJ,Far East Group Limited,Trading Companies and Distributors,Capital Goods
5TN.SI,5TN,IEV Holdings Limited,Energy Equipment and Services,Energy
5TP.SI,5TP,CNMC Goldmine Holdings Limited,Metals and Mining,Materials
5TR.SI,5TR,Libra Group Limited,Construction and Engineering,Capital Goods
5TS.SI,5TS,Alpha Energy Holdings Limited,Oil | Gas and Consumable Fuels,Energy
5TT.SI,5TT,Keong Hong Holdings Limited,Construction and Engineering,Capital Goods
5TW.SI,5TW,ChasWood Resources Holdings Ltd.,Hotels | Restaurants and Leisure,Consumer Services
5TY.SI,5TY,Advanced Systems Automation Limited,Semiconductors and Semiconductor Equipment,Semiconductors and Semiconductor Equipment
5UA.SI,5UA,Starland Holdings Limited,Real Estate Management and Development,Real Estate
5UE.SI,5UE,SHC Capital Asia Limited,Insurance,Insurance
5UF.SI,5UF,Maxi-Cash Financial Services Corporation Ltd.,Consumer Finance,Diversified Financials
5UJ.SI,5UJ,Neo Group Limited,Commercial Services and Supplies,Commercial and Professional Services
5UL.SI,5UL,Atlantic Navigation Holdings (Singapore) Limited,Energy Equipment and Services,Energy
5UN.SI,5UN,Sincap Group Limited,Trading Companies and Distributors,Capital Goods
5UO.SI,5UO,Sysma Holdings Limited,Construction and Engineering,Capital Goods
5UV.SI,5UV,P99 Holdings Limited,Hotels | Restaurants and Leisure,Consumer Services
5UX.SI,5UX,Oxley Holdings Limited,Real Estate Management and Development,Real Estate
5UZ.SI,5UZ,DeClout Limited,IT Services,Software and Services
5VC.SI,5VC,Kori Holdings Limited,Construction and Engineering,Capital Goods
5VI.SI,5VI,Logistics Holdings Limited,Construction and Engineering,Capital Goods
5VJ.SI,5VJ,Halcyon Agri Corporation Limited,Commercial Services and Supplies,Commercial and Professional Services
5VP.SI,5VP,GDS Global Limited,Building Products,Capital Goods
5VS.SI,5VS,Hafary Holdings Ltd,Trading Companies and Distributors,Capital Goods
5VU.SI,5VU,Elektromotive Group Limited,Electrical Equipment,Capital Goods
5WA.SI,5WA,International Healthway Corporation Limited,Healthcare Providers and Services,Healthcare Equipment and Services
5WD.SI,5WD,PS Group Holdings Ltd.,Trading Companies and Distributors,Capital Goods
5WE.SI,5WE,Moya Holdings Asia Limited,Commercial Services and Supplies,Commercial and Professional Services
5WF.SI,5WF,ISOTeam Ltd.,Construction and Engineering,Capital Goods
5WG.SI,5WG,Singapore Kitchen Equipment Limited,Machinery,Capital Goods
5WH.SI,5WH,REX International Holding Limited,Oil | Gas and Consumable Fuels,Energy
5WJ.SI,5WJ,MoneyMax Financial Services Ltd.,Specialty Retail,Retailing
5WV.SI,5WV,AsiaPhos Limited,Metals and Mining,Materials
600.SI,600,Hyflux Ltd,Water Utilities,Utilities
A04.SI,A04,ASL Marine Holdings Ltd.,Machinery,Capital Goods
A13.SI,A13,Allied Technologies Limited,Machinery,Capital Goods
A17U.SI,A17U,Ascendas Real Estate Investment Trust,Equity Real Estate Investment Trusts (REITs),Real Estate
A23.SI,A23,Auric Pacific Group Limited,Food and Staples Retailing,Food and Staples Retailing
A26.SI,A26,Sinarmas Land Limited,Real Estate Management and Development,Real Estate
A27.SI,A27,mDR LIMITED,Electronic Equipment | Instruments and Components,Technology Hardware and Equipment
A30.SI,A30,Aspial Corporation Limited,Real Estate Management and Development,Real Estate
A31.SI,A31,Addvalue Technologies Ltd,Communications Equipment,Technology Hardware and Equipment
A33.SI,A33,Blumont Group Ltd.,Commercial Services and Supplies,Commercial and Professional Services
A34.SI,A34,Amara Holdings Limited,Hotels | Restaurants and Leisure,Consumer Services
A50.SI,A50,Rowsley Ltd.,Professional Services,Commercial and Professional Services
A52.SI,A52,AnnAik Limited,Metals and Mining,Materials
A55.SI,A55,Asia Enterprises Holding Limited,Trading Companies and Distributors,Capital Goods
A68U.SI,A68U,Ascott Residence Trust,Equity Real Estate Investment Trusts (REITs),Real Estate
A75.SI,A75,Ace Achieve Infocom Limited,Wireless Telecommunication Services,Telecommunication Services
A78.SI,A78,LionGold Corp Ltd,Metals and Mining,Materials
A7RU.SI,A7RU,Keppel Infrastructure Trust,Multi-Utilities,Utilities
A7S.SI,A7S,SunVic Chemical Holdings Limited,Chemicals,Materials
AAJ.SI,AAJ,Sunmoon Food Company Limited,Food Products,Food | Beverage and Tobacco
ACV.SI,ACV,Frasers Hospitality Trust,Equity Real Estate Investment Trusts (REITs),Real Estate
ACW.SI,ACW,CWG International Ltd.,Real Estate Management and Development,Real Estate
ADJ.SI,ADJ,OLS Enterprise Ltd.,Personal Products,Household and Personal Products
ADN.SI,ADN,First Sponsor Group Limited,Real Estate Management and Development,Real Estate
ADP.SI,ADP,Swissco Holdings Limited,Energy Equipment and Services,Energy
ADQU.SI,ADQU,Accordia Golf Trust,Hotels | Restaurants and Leisure,Consumer Services
AFC.SI,AFC,Yuuzoo Corporation Limited,Internet Software and Services,Software and Services
AGS.SI,AGS,The Hour Glass Limited,Specialty Retail,Retailing
AIY.SI,AIY,iFAST Corporation Ltd.,Internet Software and Services,Software and Services
AJ2.SI,AJ2,Ouhua Energy Holdings Limited,Oil | Gas and Consumable Fuels,Energy
AJBU.SI,AJBU,Keppel DC REIT,Equity Real Estate Investment Trusts (REITs),Real Estate
AP4.SI,AP4,Riverstone Holdings Limited,Commercial Services and Supplies,Commercial and Professional Services
ATL.SI,ATL,Courage Marine Group Limited,Marine,Transportation
AU8U.SI,AU8U,CapitaLand Retail China Trust,Equity Real Estate Investment Trusts (REITs),Real Estate
AVM.SI,AVM,Boustead Projects Limited,Construction and Engineering,Capital Goods
AVV.SI,AVV,CEI Limited,Electronic Equipment | Instruments and Components,Technology Hardware and Equipment
AVX.SI,AVX,HL Global Enterprises Limited,Hotels | Restaurants and Leisure,Consumer Services
AVZ.SI,AVZ,Aztech Group Ltd.,Communications Equipment,Technology Hardware and Equipment
AW9U.SI,AW9U,First Real Estate Investment Trust,Equity Real Estate Investment Trusts (REITs),Real Estate
AWC.SI,AWC,Brook Crompton Holdings Ltd.,Trading Companies and Distributors,Capital Goods
AWE.SI,AWE,SP Corporation Limited,Trading Companies and Distributors,Capital Goods
AWG.SI,AWG,AEI Corporation Ltd.,Machinery,Capital Goods
AWI.SI,AWI,Thakral Corporation Ltd,Distributors,Retailing
AWK.SI,AWK,Fuxing China Group Limited,Textiles | Apparel and Luxury Goods,Consumer Durables and Apparel
AWM.SI,AWM,Shanghai Turbo Enterprises Ltd.,Electrical Equipment,Capital Goods
AWO.SI,AWO,Mirach Energy Limited,Energy Equipment and Services,Energy
AWS.SI,AWS,Global Yellow Pages Limited,Media,Media
AWV.SI,AWV,Captii Limited,Communications Equipment,Technology Hardware and Equipment
AWX.SI,AWX,AEM Holdings Ltd.,Semiconductors and Semiconductor Equipment,Semiconductors and Semiconductor Equipment
AWZ.SI,AWZ,Multi-Chem Limited,Electronic Equipment | Instruments and Components,Technology Hardware and Equipment
AXB.SI,AXB,Yongnam Holdings Limited,Construction and Engineering,Capital Goods
AXH.SI,AXH,Advanced Integrated Manufacturing Corp. Ltd.,Electronic Equipment | Instruments and Components,Technology Hardware and Equipment
AXJ.SI,AXJ,GMG Global Ltd,Food Products,Food | Beverage and Tobacco
AXL.SI,AXL,China Fibretech Ltd.,Textiles | Apparel and Luxury Goods,Consumer Durables and Apparel
AXV.SI,AXV,Changtian Plastic & Chemical Limited,Chemicals,Materials
AYB.SI,AYB,Lafe Corporation Limited,Real Estate Management and Development,Real Estate
AYD.SI,AYD,Plastoform Holdings Limited,Household Durables,Consumer Durables and Apparel
AYF.SI,AYF,Uni-Asia Holdings Limited,Capital Markets,Diversified Financials
AYL.SI,AYL,STAR Pharmaceutical Limited,Pharmaceuticals,Pharmaceuticals | Biotechnology and Life Sciences
AYN.SI,AYN,Global Testing Corporation Limited,Semiconductors and Semiconductor Equipment,Semiconductors and Semiconductor Equipment
AYV.SI,AYV,Acma Ltd.,Machinery,Capital Goods
AZA.SI,AZA,IPC Corporation Ltd,Real Estate Management and Development,Real Estate
AZG.SI,AZG,8Telecom International Holdings Co. Ltd.,Communications Equipment,Technology Hardware and Equipment
AZI.SI,AZI,AusNet Services Ltd,Electric Utilities,Utilities
AZR.SI,AZR,United Food Holdings Limited,Food Products,Food | Beverage and Tobacco
AZT.SI,AZT,NutryFarm International Limited,Personal Products,Household and Personal Products
AZW.SI,AZW,China Taisan Technology Group Holdings Limited,Textiles | Apparel and Luxury Goods,Consumer Durables and Apparel
AZY.SI,AZY,Pan Ocean Co. Ltd.,Marine,Transportation
AZZ.SI,AZZ,China Gaoxian Fibre Fabric Holdings Ltd.,Textiles | Apparel and Luxury Goods,Consumer Durables and Apparel
B07.SI,B07,Next-Generation Satellite Communications Limited,Diversified Telecommunication Services,Telecommunication Services
B08.SI,B08,British and Malayan Trustees Limited,Capital Markets,Diversified Financials
B0I.SI,B0I,Foreland Fabrictech Holdings Limited,Textiles | Apparel and Luxury Goods,Consumer Durables and Apparel
B10.SI,B10,Boardroom Limited,Professional Services,Commercial and Professional Services
B16.SI,B16,GL LIMITED,Hotels | Restaurants and Leisure,Consumer Services
B1ZU.SI,B1ZU,Rickmers Maritime,Marine,Transportation
B26.SI,B26,Ban Leong Technologies Limited,Electronic Equipment | Instruments and Components,Technology Hardware and Equipment
B28.SI,B28,Bonvests Holdings Limited,Industrial Conglomerates,Capital Goods
B2F.SI,B2F,M1 Limited,Wireless Telecommunication Services,Telecommunication Services
B49.SI,B49,World Precision Machinery Limited,Machinery,Capital Goods
B58.SI,B58,Banyan Tree Holdings Limited,Hotels | Restaurants and Leisure,Consumer Services
B61.SI,B61,Bukit Sembawang Estates Limited,Real Estate Management and Development,Real Estate
B69.SI,B69,Broadway Industrial Group Limited,Electronic Equipment | Instruments and Components,Technology Hardware and Equipment
B73.SI,B73,Global Investments Limited,Capital Markets,Diversified Financials
B7K.SI,B7K,Sin Ghee Huat Corporation Ltd.,Trading Companies and Distributors,Capital Goods
B9S.SI,B9S,CosmoSteel Holdings Limited,Energy Equipment and Services,Energy
BAC.SI,BAC,Camsing Healthcare Limited,Distributors,Retailing
BAI.SI,BAI,S i2i Limited,Diversified Telecommunication Services,Telecommunication Services
BAZ.SI,BAZ,Lion Asiapac Limited,Construction Materials,Materials
BBP.SI,BBP,Hor Kew Corporation Limited,Construction and Engineering,Capital Goods
BBW.SI,BBW,Azeus Systems Holdings Ltd.,IT Services,Software and Services
BCD.SI,BCD,China Yuanbang Property Holdings Limited,Real Estate Management and Development,Real Estate
BCV.SI,BCV,Qian Hu Corporation Limited,Leisure Products,Consumer Durables and Apparel
BCX.SI,BCX,China Flexible Packaging Holdings Limited,Containers and Packaging,Materials
BCY.SI,BCY,Powermatic Data Systems Limited,Communications Equipment,Technology Hardware and Equipment
BCZ.SI,BCZ,Travelite Holdings Ltd.,Textiles | Apparel and Luxury Goods,Consumer Durables and Apparel
BDA.SI,BDA,PNE Industries Ltd,Electronic Equipment | Instruments and Components,Technology Hardware and Equipment
BDF.SI,BDF,Excelpoint Technology Ltd.,Electronic Equipment | Instruments and Components,Technology Hardware and Equipment
BDN.SI,BDN,Ryobi Kiso Holdings Ltd.,Construction and Engineering,Capital Goods
BDR.SI,BDR,Willas-Array Electronics (Holdings) Limited,Electronic Equipment | Instruments and Components,Technology Hardware and Equipment
BDU.SI,BDU,Federal International (2000) Ltd,Trading Companies and Distributors,Capital Goods
BDV.SI,BDV,Fischer Tech Ltd,Electronic Equipment | Instruments and Components,Technology Hardware and Equipment
BDX.SI,BDX,GSH Corporation Limited,Real Estate Management and Development,Real Estate
BEC.SI,BEC,BRC Asia Limited,Building Products,Capital Goods
BEH.SI,BEH,China International Holdings Limited,Water Utilities,Utilities
BEI.SI,BEI,LHT Holdings Limited,Paper and Forest Products,Materials
BESU.SI,BESU,Indiabulls Properties Investment Trust,Real Estate Management and Development,Real Estate
BEV.SI,BEV,Swing Media Technology Group Limited,Technology Hardware | Storage and Peripherals,Technology Hardware and Equipment
BEW.SI,BEW,JB Foods Limited,Food Products,Food | Beverage and Tobacco
BEZ.SI,BEZ,Beng Kuang Marine Limited,Commercial Services and Supplies,Commercial and Professional Services
BFI.SI,BFI,Tiong Seng Holdings Limited,Construction and Engineering,Capital Goods
BFK.SI,BFK,Pharmesis International Ltd.,Pharmaceuticals,Pharmaceuticals | Biotechnology and Life Sciences
BFT.SI,BFT,Fabchem China Limited,Chemicals,Materials
BFU.SI,BFU,Tye Soon Limited,Distributors,Retailing
BGK.SI,BGK,Swiber Holdings Limited,Energy Equipment and Services,Energy
BGO.SI,BGO,Universal Resource And Services Limited,Energy Equipment and Services,Energy
BHD.SI,BHD,China Mining International Limited,Metals and Mining,Materials
BHK.SI,BHK,SIIC Environment Holdings Ltd.,Water Utilities,Utilities
BHO.SI,BHO,Top Global Limited,Real Estate Management and Development,Real Estate
BHQ.SI,BHQ,Sunningdale Tech Ltd.,Machinery,Capital Goods
BHU.SI,BHU,SUTL Enterprise Limited,Hotels | Restaurants and Leisure,Consumer Services
BIP.SI,BIP,Vibrant Group Limited,Air Freight and Logistics,Transportation
BIX.SI,BIX,Ellipsiz Ltd,Semiconductors and Semiconductor Equipment,Semiconductors and Semiconductor Equipment
BJD.SI,BJD,VibroPower Corporation Limited,Electrical Equipment,Capital Goods
BJE.SI,BJE,Jaya Holdings Limited,Machinery,Capital Goods
BJL.SI,BJL,LCT  Holdings Limited,Communications Equipment,Technology Hardware and Equipment
BJV.SI,BJV,Yamada Green Resources Limited,Food Products,Food | Beverage and Tobacco
BJW.SI,BJW,Shinvest Holding Ltd.,Machinery,Capital Goods
BJZ.SI,BJZ,Koda Ltd,Household Durables,Consumer Durables and Apparel
BKA.SI,BKA,Sin Heng Heavy Machinery Limited,Trading Companies and Distributors,Capital Goods
BKB.SI,BKB,LH Group Limited,Metals and Mining,Materials
BKK.SI,BKK,Luxking Group Holdings Limited,Commercial Services and Supplies,Commercial and Professional Services
BKV.SI,BKV,Dukang Distillers Holdings Limited,Beverages,Food | Beverage and Tobacco
BKW.SI,BKW,Datapulse Technology Limited,Technology Hardware | Storage and Peripherals,Technology Hardware and Equipment
BKX.SI,BKX,Yongmao Holdings Limited,Machinery,Capital Goods
BKY.SI,BKY,Avi-Tech Electronics Limited,Semiconductors and Semiconductor Equipment,Semiconductors and Semiconductor Equipment
BKZ.SI,BKZ,Suntar Eco-City Limited,Pharmaceuticals,Pharmaceuticals | Biotechnology and Life Sciences
BLA.SI,BLA,Union Steel Holdings Limited,Commercial Services and Supplies,Commercial and Professional Services
BLH.SI,BLH,Hai Leck Holdings Limited,Energy Equipment and Services,Energy
BLL.SI,BLL,PSL Holdings Limited,Construction and Engineering,Capital Goods
BLR.SI,BLR,Darco Water Technologies Limited,Machinery,Capital Goods
BLS.SI,BLS,Hotung Investment Holdings Limited,Capital Markets,Diversified Financials
BLT.SI,BLT,K1 Ventures Limited,Diversified Financial Services,Diversified Financials
BLU.SI,BLU,GRP Limited,Electronic Equipment | Instruments and Components,Technology Hardware and Equipment
BLW.SI,BLW,Global Palm Resources Holdings Limited,Food Products,Food | Beverage and Tobacco
BLZ.SI,BLZ,Advanced Holdings Ltd.,Energy Equipment and Services,Energy
BMA.SI,BMA,Weiye Holdings Limited,Real Estate Management and Development,Real Estate
BMGU.SI,BMGU,BHG Retail REIT,Equity Real Estate Investment Trusts (REITs),Real Estate
BMH.SI,BMH,Hupsteel Limited,Trading Companies and Distributors,Capital Goods
BMT.SI,BMT,New Silkroutes Group Limited,Oil | Gas and Consumable Fuels,Energy
BN2.SI,BN2,Valuetronics Holdings Limited,Electronic Equipment | Instruments and Components,Technology Hardware and Equipment
BN4.SI,BN4,Keppel Corporation Limited,Industrial Conglomerates,Capital Goods
BNE.SI,BNE,Kencana Agri Limited,Food Products,Food | Beverage and Tobacco
BOL.SI,BOL,Memtech International Ltd.,Electronic Equipment | Instruments and Components,Technology Hardware and Equipment
BOU.SI,BOU,Informatics Education Ltd.,Diversified Consumer Services,Consumer Services
BPF.SI,BPF,YHI International Limited,Distributors,Retailing
BQC.SI,BQC,A-Smart Holdings Ltd.,Commercial Services and Supplies,Commercial and Professional Services
BQD.SI,BQD,Envictus International Holdings Limited,Food and Staples Retailing,Food and Staples Retailing
BQF.SI,BQF,XMH Holdings Ltd.,Trading Companies and Distributors,Capital Goods
BQI.SI,BQI,Asia Fashion Holdings Limited,Construction Materials,Materials
BQM.SI,BQM,Tiong Woon Corporation Holding Ltd,Commercial Services and Supplies,Commercial and Professional Services
BQN.SI,BQN,BH Global Corporation Limited,Electrical Equipment,Capital Goods
BQO.SI,BQO,Delong Holdings Limited,Metals and Mining,Materials
BQP.SI,BQP,Southern Packaging Group Limited,Containers and Packaging,Materials
BRD.SI,BRD,Sapphire Corporation Limited,Metals and Mining,Materials
BRR.SI,BRR,The Stratech Group Limited,Software,Software and Services
BRS.SI,BRS,USP Group Limited,Oil | Gas and Consumable Fuels,Energy
BS6.SI,BS6,Yangzijiang Shipbuilding (Holdings) Ltd.,Machinery,Capital Goods
BSL.SI,BSL,Raffles Medical Group Ltd,Healthcare Providers and Services,Healthcare Equipment and Services
BTE.SI,BTE,Bund Center Investment Ltd,Real Estate Management and Development,Real Estate
BTF.SI,BTF,Debao Property Development Ltd.,Real Estate Management and Development,Real Estate
BTG.SI,BTG,HG Metal Manufacturing Limited,Trading Companies and Distributors,Capital Goods
BTJ.SI,BTJ,A-Sonic Aerospace Limited,Air Freight and Logistics,Transportation
BTM.SI,BTM,Penguin International Limited,Marine,Transportation
BTOU.SI,BTOU,Manulife US REIT,Equity Real Estate Investment Trusts (REITs),Real Estate
BTP.SI,BTP,Baker Technology Limited,Energy Equipment and Services,Energy
BTX.SI,BTX,Anchun International Holdings Ltd.,Chemicals,Materials
BTY.SI,BTY,Full Apex (Holdings) Limited,Containers and Packaging,Materials
BUOU.SI,BUOU,Frasers Logistics and Industrial Trust,Equity Real Estate Investment Trusts (REITs),Real Estate
BVA.SI,BVA,Top Glove Corporation Berhad,Healthcare Equipment and Supplies,Healthcare Equipment and Services
BVQ.SI,BVQ,Procurri Corporation Limited,Electronic Equipment | Instruments and Components,Technology Hardware and Equipment
BWCU.SI,BWCU,EC World REIT,Equity Real Estate Investment Trusts (REITs),Real Estate
BWM.SI,BWM,China Jinjiang Environment Holding Company Limited,Independent Power and Renewable Electricity Producers,Utilities
BXE.SI,BXE,CDW Holding Limited,Semiconductors and Semiconductor Equipment,Semiconductors and Semiconductor Equipment
C04.SI,C04,CASA Holdings Limited,Distributors,Retailing
C05.SI,C05,Chemical Industries (Far East) Limited,Chemicals,Materials
C06.SI,C06,CSC Holdings Limited,Construction and Engineering,Capital Goods
C07.SI,C07,Jardine Cycle & Carriage Limited,Distributors,Retailing
C09.SI,C09,City Developments Limited,Real Estate Management and Development,Real Estate
C13.SI,C13,CH Offshore Ltd.,Energy Equipment and Services,Energy
C14.SI,C14,CWT Limited,Air Freight and Logistics,Transportation
C29.SI,C29,Chip Eng Seng Corporation Ltd,Construction and Engineering,Capital Goods
C2PU.SI,C2PU,Parkway Life Real Estate Investment Trust,Equity Real Estate Investment Trusts (REITs),Real Estate
C31.SI,C31,CapitaLand Limited,Real Estate Management and Development,Real Estate
C33.SI,C33,Chuan Hup Holdings Limited,Electronic Equipment | Instruments and Components,Technology Hardware and Equipment
C38U.SI,C38U,CapitaLand Mall Trust,Equity Real Estate Investment Trusts (REITs),Real Estate
C41.SI,C41,Cortina Holdings Limited,Specialty Retail,Retailing
C50.SI,C50,Cheung Woh Technologies Ltd,Machinery,Capital Goods
C52.SI,C52,ComfortDelGro Corporation Limited,Road and Rail,Transportation
C61U.SI,C61U,CapitaLand Commercial Trust,Equity Real Estate Investment Trusts (REITs),Real Estate
C6L.SI,C6L,Singapore Airlines Limited,Airlines,Transportation
C76.SI,C76,Creative Technology Ltd.,Technology Hardware | Storage and Peripherals,Technology Hardware and Equipment
C8R.SI,C8R,Jiutian Chemical Group Limited,Chemicals,Materials
C92.SI,C92,China Haida Ltd.,Building Products,Capital Goods
C9Q.SI,C9Q,Sinostar PEC Holdings Limited,Oil | Gas and Consumable Fuels,Energy
CC3.SI,CC3,StarHub Ltd.,Wireless Telecommunication Services,Telecommunication Services
CH8.SI,CH8,China Sunsine Chemical Holdings Ltd.,Chemicals,Materials
CY6U.SI,CY6U,Ascendas India Trust,Real Estate Management and Development,Real Estate
CZ4.SI,CZ4,Dutech Holdings Limited,Commercial Services and Supplies,Commercial and Professional Services
D01.SI,D01,Dairy Farm International Holdings Limited,Food and Staples Retailing,Food and Staples Retailing
D03.SI,D03,Del Monte Pacific Limited,Food Products,Food | Beverage and Tobacco
D05.SI,D05,DBS Group Holdings Ltd,Banks,Banks
D11.SI,D11,Design Studio Group Ltd.,Building Products,Capital Goods
D1R.SI,D1R,ARA Asset Management Limited,Capital Markets,Diversified Financials
D2U.SI,D2U,Cacola Furniture International Limited,Household Durables,Consumer Durables and Apparel
D4N.SI,D4N,China New Town Development Company Limited,Real Estate Management and Development,Real Estate
D50.SI,D50,China Great Land Holdings Ltd.,Construction and Engineering,Capital Goods
D5IU.SI,D5IU,Lippo Malls Indonesia Retail Trust,Equity Real Estate Investment Trusts (REITs),Real Estate
D6U.SI,D6U,Dynamic Colours Limited,Chemicals,Materials
D79.SI,D79,C&G Environmental Protection Holdings Limited,Independent Power and Renewable Electricity Producers,Utilities
D8DU.SI,D8DU,First Ship Lease Trust,Diversified Financial Services,Diversified Financials
DM0.SI,DM0,Hanwell Holdings Limited,Food Products,Food | Beverage and Tobacco
DU4.SI,DU4,Mermaid Maritime Public Company Limited,Energy Equipment and Services,Energy
E16.SI,E16,Elec & Eltek International Company Limited,Electronic Equipment | Instruments and Components,Technology Hardware and Equipment
E27.SI,E27,Eucon Holding Limited,Electronic Equipment | Instruments and Components,Technology Hardware and Equipment
E28.SI,E28,Frencken Group Limited,Machinery,Capital Goods
E3B.SI,E3B,Wee Hur Holdings Ltd.,Construction and Engineering,Capital Goods
E5H.SI,E5H,Golden Agri-Resources Ltd,Food Products,Food | Beverage and Tobacco
E6R.SI,E6R,Samko Timber Limited,Paper and Forest Products,Materials
E8Z.SI,E8Z,Roxy-Pacific Holdings Limited,Real Estate Management and Development,Real Estate
E90.SI,E90,China Sky Chemical Fibre Co.  Ltd.,Textiles | Apparel and Luxury Goods,Consumer Durables and Apparel
E9L.SI,E9L,Joyas International Holdings Limited,Textiles | Apparel and Luxury Goods,Consumer Durables and Apparel
EB5.SI,EB5,First Resources Limited,Food Products,Food | Beverage and Tobacco
EB7.SI,EB7,KTL Global Limited,Trading Companies and Distributors,Capital Goods
EH5.SI,EH5,United Overseas Australia Ltd,Real Estate Management and Development,Real Estate
ER0.SI,ER0,KSH Holdings Limited,Construction and Engineering,Capital Goods
F03.SI,F03,Food Empire Holdings Limited,Food Products,Food | Beverage and Tobacco
F10.SI,F10,F J Benjamin Holdings Ltd,Specialty Retail,Retailing
F13.SI,F13,Fu Yu Corporation Limited,Machinery,Capital Goods
F17.SI,F17,GuocoLand Limited,Real Estate Management and Development,Real Estate
F1E.SI,F1E,Low Keng Huat (Singapore) Limited,Construction and Engineering,Capital Goods
F25U.SI,F25U,Fortune Real Estate Investment Trust,Equity Real Estate Investment Trusts (REITs),Real Estate
F31.SI,F31,Fragrance Group Limited,Real Estate Management and Development,Real Estate
F34.SI,F34,Wilmar International Limited,Food Products,Food | Beverage and Tobacco
F3V.SI,F3V,MMP Resources Limited,Construction and Engineering,Capital Goods
F83.SI,F83,COSCO Corporation (Singapore) Limited,Machinery,Capital Goods
F86.SI,F86,MYP Ltd.,Real Estate Management and Development,Real Estate
F99.SI,F99,Fraser and Neave Limited,Beverages,Food | Beverage and Tobacco
F9D.SI,F9D,Boustead Singapore Limited,Energy Equipment and Services,Energy
FP1.SI,FP1,Dapai International Holdings Co. Ltd.,Textiles | Apparel and Luxury Goods,Consumer Durables and Apparel
FQ7.SI,FQ7,Jasper Investments Limited,Energy Equipment and Services,Energy
FQ8.SI,FQ8,China Sports International Limited,Textiles | Apparel and Luxury Goods,Consumer Durables and Apparel
G07.SI,G07,Great Eastern Holdings Limited,Insurance,Insurance
G08.SI,G08,GP Batteries International Limited,Household Products,Household and Personal Products
G0I.SI,G0I,Nam Lee Pressed Metal Industries Limited,Building Products,Capital Goods
G10.SI,G10,Yuexiu Property Company Limited,Real Estate Management and Development,Real Estate
G11.SI,G11,Global Tech (Holdings) Limited,Commercial Services and Supplies,Commercial and Professional Services
G13.SI,G13,Genting Singapore PLC,Hotels | Restaurants and Leisure,Consumer Services
G20.SI,G20,GP Industries Limited,Electronic Equipment | Instruments and Components,Technology Hardware and Equipment
G41.SI,G41,G. K. Goh Holdings Limited,Capital Markets,Diversified Financials
G50.SI,G50,Grand Banks Yachts Limited,Machinery,Capital Goods
G92.SI,G92,China Aviation Oil (Singapore) Corporation Ltd,Oil | Gas and Consumable Fuels,Energy
GU5.SI,GU5,China Kunda Technology Holdings Limited,Machinery,Capital Goods
H02.SI,H02,Haw Par Corporation Limited,Pharmaceuticals,Pharmaceuticals | Biotechnology and Life Sciences
H07.SI,H07,Stamford Land Corporation Ltd,Hotels | Restaurants and Leisure,Consumer Services
H12.SI,H12,Hotel Royal Limited,Hotels | Restaurants and Leisure,Consumer Services
H13.SI,H13,Ho Bee Land Limited,Real Estate Management and Development,Real Estate
H15.SI,H15,Hotel Properties Limited,Hotels | Restaurants and Leisure,Consumer Services
H16.SI,H16,Huan Hsin Holdings Ltd,Electronic Equipment | Instruments and Components,Technology Hardware and Equipment
H17.SI,H17,Hi-P International Limited,Electronic Equipment | Instruments and Components,Technology Hardware and Equipment
H18.SI,H18,Hotel Grand Central Limited,Hotels | Restaurants and Leisure,Consumer Services
H19.SI,H19,Hwa Hong Corporation Limited,Real Estate Management and Development,Real Estate
H20.SI,H20,Hoe Leong Corporation Ltd.,Trading Companies and Distributors,Capital Goods
H22.SI,H22,Hong Leong Asia Ltd.,Machinery,Capital Goods
H27.SI,H27,HLH Group Limited,Food Products,Food | Beverage and Tobacco
H30.SI,H30,Hong Fok Corporation Limited,Real Estate Management and Development,Real Estate
H78.SI,H78,Hongkong Land Holdings Limited,Real Estate Management and Development,Real Estate
I06.SI,I06,Intraco Limited,Trading Companies and Distributors,Capital Goods
I07.SI,I07,ISDN Holdings Limited,Electrical Equipment,Capital Goods
I11.SI,I11,Ipco International Limited,Gas Utilities,Utilities
I15.SI,I15,Isetan (Singapore) Limited,Multiline Retail,Retailing
I26.SI,I26,Innopac Holdings Limited,Diversified Telecommunication Services,Telecommunication Services
I49.SI,I49,IFS Capital Limited,Diversified Financial Services,Diversified Financials
I5H.SI,I5H,Forise International Limited,Textiles | Apparel and Luxury Goods,Consumer Durables and Apparel
I85.SI,I85,Hengxin Technology Ltd.,Communications Equipment,Technology Hardware and Equipment
I9T.SI,I9T,Ziwo Holdings Ltd.,Chemicals,Materials
IW5.SI,IW5,Seroja Investments Limited,Marine,Transportation
IX2.SI,IX2,PEC Ltd.,Construction and Engineering,Capital Goods
J03.SI,J03,Jadason Enterprises Ltd,Electronic Equipment | Instruments and Components,Technology Hardware and Equipment
J17.SI,J17,Jackspeed Corporation Limited,Auto Components,Automobiles and Components
J18.SI,J18,China Jishan Holdings Limited,Textiles | Apparel and Luxury Goods,Consumer Durables and Apparel
J2T.SI,J2T,Hock Lian Seng Holdings Limited,Construction and Engineering,Capital Goods
J36.SI,J36,Jardine Matheson Holdings Limited,Industrial Conglomerates,Capital Goods
J37.SI,J37,Jardine Strategic Holdings Limited,Industrial Conglomerates,Capital Goods
J69U.SI,J69U,Frasers Centrepoint Trust,Equity Real Estate Investment Trusts (REITs),Real Estate
J85.SI,J85,CDL Hospitality Trusts,Equity Real Estate Investment Trusts (REITs),Real Estate
J91U.SI,J91U,Cambridge Industrial Trust,Equity Real Estate Investment Trusts (REITs),Real Estate
K03.SI,K03,Khong Guan Flour Milling Limited,Food and Staples Retailing,Food and Staples Retailing
K11.SI,K11,Keppel Telecommunications & Transportation Ltd,Air Freight and Logistics,Transportation
K14.SI,K14,Kingboard Copper Foil Holdings Limited,Chemicals,Materials
K1Q.SI,K1Q,T T J Holdings Limited,Construction and Engineering,Capital Goods
K22.SI,K22,Raffles United Holdings Ltd.,Trading Companies and Distributors,Capital Goods
K29.SI,K29,Karin Technology Holdings Limited,Electronic Equipment | Instruments and Components,Technology Hardware and Equipment
K2LU.SI,K2LU,Cache Logistics Trust,Equity Real Estate Investment Trusts (REITs),Real Estate
K2N.SI,K2N,China Minzhong Food Corporation Limited,Food Products,Food | Beverage and Tobacco
K6S.SI,K6S,Prudential plc,Insurance,Insurance
K71U.SI,K71U,Keppel REIT,Equity Real Estate Investment Trusts (REITs),Real Estate
K75.SI,K75,Koh Brothers Group Limited,Construction and Engineering,Capital Goods
KI3.SI,KI3,Hu An Cable Holdings Ltd.,Electrical Equipment,Capital Goods
KJ5.SI,KJ5,BBR Holdings (S) Ltd,Construction and Engineering,Capital Goods
KJ9.SI,KJ9,Cogent Holdings Limited,Commercial Services and Supplies,Commercial and Professional Services
L02.SI,L02,Manhattan Resources Limited,Marine,Transportation
L03.SI,L03,Lian Beng Group Ltd,Construction and Engineering,Capital Goods
L09.SI,L09,Lung Kee (Bermuda) Holdings Limited,Machinery,Capital Goods
L17.SI,L17,LTC Corporation Limited,Metals and Mining,Materials
L19.SI,L19,Lum Chang Holdings Limited,Construction and Engineering,Capital Goods
L20.SI,L20,LifeBrandz Ltd.,Hotels | Restaurants and Leisure,Consumer Services
L23.SI,L23,Enviro-Hub Holdings Ltd.,Metals and Mining,Materials
L38.SI,L38,AF Global Limited,Hotels | Restaurants and Leisure,Consumer Services
L46.SI,L46,Luzhou Bio-chem Technology Limited,Food Products,Food | Beverage and Tobacco
L5I.SI,L5I,Abterra Ltd.,Trading Companies and Distributors,Capital Goods
LJ3.SI,LJ3,OUE Limited,Hotels | Restaurants and Leisure,Consumer Services
LS9.SI,LS9,Leader Environmental Technologies Limited,Commercial Services and Supplies,Commercial and Professional Services
M01.SI,M01,Metro Holdings Limited,Multiline Retail,Retailing
M03.SI,M03,Miyoshi Limited,Machinery,Capital Goods
M04.SI,M04,Mandarin Oriental International Limited,Hotels | Restaurants and Leisure,Consumer Services
M05.SI,M05,MTQ Corporation Limited,Energy Equipment and Services,Energy
M11.SI,M11,Manufacturing Integration Technology Ltd.,Semiconductors and Semiconductor Equipment,Semiconductors and Semiconductor Equipment
M14.SI,M14,InnoTek Limited,Machinery,Capital Goods
M15.SI,M15,Matex International Limited,Chemicals,Materials
M1GU.SI,M1GU,Sabana Shari'ah Compliant Industrial Real Estate Investment Trust,Equity Real Estate Investment Trusts (REITs),Real Estate
M1Z.SI,M1Z,TEE International Limited,Construction and Engineering,Capital Goods
M30.SI,M30,Meghmani Organics Limited,Chemicals,Materials
M35.SI,M35,Wheelock Properties (Singapore) Limited,Real Estate Management and Development,Real Estate
M44U.SI,M44U,Mapletree Logistics Trust,Equity Real Estate Investment Trusts (REITs),Real Estate
MC0.SI,MC0,Global Logistic Properties Limited,Real Estate Management and Development,Real Estate
ME8U.SI,ME8U,Mapletree Industrial Trust,Equity Real Estate Investment Trusts (REITs),Real Estate
MF6.SI,MF6,Mun Siong Engineering Limited,Construction and Engineering,Capital Goods
MR7.SI,MR7,Nordic Group Limited,Construction and Engineering,Capital Goods
MR8.SI,MR8,Novo Group Ltd.,Trading Companies and Distributors,Capital Goods
MS7.SI,MS7,Vard Holdings Limited,Machinery,Capital Goods
MT1.SI,MT1,Dragon Group International Limited,Electronic Equipment | Instruments and Components,Technology Hardware and Equipment
MV4.SI,MV4,Mewah International Inc.,Food Products,Food | Beverage and Tobacco
N01.SI,N01,Nera Telecommunications Ltd,Communications Equipment,Technology Hardware and Equipment
N02.SI,N02,NSL Ltd,Construction Materials,Materials
N08.SI,N08,New Toyo International Holdings Ltd,Paper and Forest Products,Materials
N0Z.SI,N0Z,Combine Will International Holdings Limited,Leisure Products,Consumer Durables and Apparel
N14.SI,N14,M Development Ltd.,Diversified Financial Services,Diversified Financials
N21.SI,N21,Noble Group Limited,Trading Companies and Distributors,Capital Goods
N2IU.SI,N2IU,Mapletree Commercial Trust,Equity Real Estate Investment Trusts (REITs),Real Estate
N32.SI,N32,Nippecraft Limited,Commercial Services and Supplies,Commercial and Professional Services
N4E.SI,N4E,Nam Cheong Limited,Machinery,Capital Goods
NC2.SI,NC2,Sri Trang Agro-Industry Public Company Limited,Auto Components,Automobiles and Components
NC9.SI,NC9,Malaysia Smelting Corporation Berhad,Metals and Mining,Materials
ND8U.SI,ND8U,Frasers Commercial Trust,Equity Real Estate Investment Trusts (REITs),Real Estate
NO4.SI,NO4,Dyna-Mac Holdings Ltd.,Energy Equipment and Services,Energy
NR7.SI,NR7,Raffles Education Corporation Limited,Diversified Consumer Services,Consumer Services
NS8U.SI,NS8U,Hutchison Port Holdings Trust,Transportation Infrastructure,Transportation
O05.SI,O05,Ocean Sky International Limited,Real Estate Management and Development,Real Estate
O08.SI,O08,Ossia International Limited,Distributors,Retailing
O10.SI,O10,Far East Orchard Limited,Real Estate Management and Development,Real Estate
O2I.SI,O2I,AVIC International Maritime Holdings Limited,Machinery,Capital Goods
O32.SI,O32,Olam International Limited,Food and Staples Retailing,Food and Staples Retailing
O39.SI,O39,Oversea-Chinese Banking Corporation Limited,Banks,Banks
O5RU.SI,O5RU,AIMS AMP Capital Industrial REIT,Equity Real Estate Investment Trusts (REITs),Real Estate
O9E.SI,O9E,Parkson Retail Asia Limited,Multiline Retail,Retailing
OU8.SI,OU8,Centurion Corporation Limited,Hotels | Restaurants and Leisure,Consumer Services
OV8.SI,OV8,Sheng Siong Group Ltd.,Food and Staples Retailing,Food and Staples Retailing
P01.SI,P01,Poh Tiong Choon Logistics Limited,Air Freight and Logistics,Transportation
P15.SI,P15,Pacific Century Regional Developments Limited,Diversified Financial Services,Diversified Financials
P19.SI,P19,PCI Limited,Electronic Equipment | Instruments and Components,Technology Hardware and Equipment
P34.SI,P34,Delfi Limited,Food Products,Food | Beverage and Tobacco
P36.SI,P36,Pan Hong Holdings Group Limited,Real Estate Management and Development,Real Estate
P40U.SI,P40U,Starhill Global Real Estate Investment Trust,Equity Real Estate Investment Trusts (REITs),Real Estate
P52.SI,P52,Pan-United Corporation Ltd,Trading Companies and Distributors,Capital Goods
P74.SI,P74,China Kangda Food Company Limited,Food Products,Food | Beverage and Tobacco
P8A.SI,P8A,Cordlife Group Limited,Healthcare Providers and Services,Healthcare Equipment and Services
P8Z.SI,P8Z,Bumitama Agri Ltd.,Food Products,Food | Beverage and Tobacco
P9D.SI,P9D,Civmec Limited,Construction and Engineering,Capital Goods
P9J.SI,P9J,Global Premium Hotels Limited,Hotels | Restaurants and Leisure,Consumer Services
PA3.SI,PA3,TA Corporation Ltd,Construction and Engineering,Capital Goods
PH0.SI,PH0,VGO Corporation Limited,Specialty Retail,Retailing
Q01.SI,Q01,QAF Limited,Food Products,Food | Beverage and Tobacco
Q0F.SI,Q0F,IHH Healthcare Berhad,Healthcare Providers and Services,Healthcare Equipment and Services
Q0X.SI,Q0X,Ley Choon Group Holdings Limited,Construction and Engineering,Capital Goods
Q1P.SI,Q1P,Ascendas Hospitality Trust,Equity Real Estate Investment Trusts (REITs),Real Estate
Q5T.SI,Q5T,Far East Hospitality Trust,Equity Real Estate Investment Trusts (REITs),Real Estate
QC7.SI,QC7,Q & M Dental Group (Singapore) Limited,Healthcare Providers and Services,Healthcare Equipment and Services
QF6.SI,QF6,Swee Hong Limited,Construction and Engineering,Capital Goods
QG1.SI,QG1,Metech International Limited,Commercial Services and Supplies,Commercial and Professional Services
QS9.SI,QS9,Global Invacom Group Limited,Communications Equipment,Technology Hardware and Equipment
R07.SI,R07,Rotary Engineering Limited,Construction and Engineering,Capital Goods
R14.SI,R14,Ramba Energy Limited,Air Freight and Logistics,Transportation
RC5.SI,RC5,Triyards Holdings Limited,Machinery,Capital Goods
RE2.SI,RE2,Courts Asia Limited,Specialty Retail,Retailing
RE4.SI,RE4,Geo Energy Resources Limited,Oil | Gas and Consumable Fuels,Energy
RF1U.SI,RF1U,RHT Health Trust,Healthcare Providers and Services,Healthcare Equipment and Services
RF7.SI,RF7,Gaylin Holdings Limited,Energy Equipment and Services,Energy
RQ1.SI,RQ1,Overseas Education Limited,Diversified Consumer Services,Consumer Services
RS1.SI,RS1,China Environmental Resources Group Limited,Chemicals,Materials
RW0U.SI,RW0U,Mapletree Greater China Commercial Trust,Equity Real Estate Investment Trusts (REITs),Real Estate
S07.SI,S07,Shangri-La Asia Limited,Hotels | Restaurants and Leisure,Consumer Services
S08.SI,S08,Singapore Post Limited,Air Freight and Logistics,Transportation
S10.SI,S10,Super Group Ltd.,Food Products,Food | Beverage and Tobacco
S19.SI,S19,Singapore Shipping Corporation Limited,Marine,Transportation
S20.SI,S20,The Straits Trading Company Limited,Metals and Mining,Materials
S21.SI,S21,Genting Hong Kong Limited,Hotels | Restaurants and Leisure,Consumer Services
S23.SI,S23,Singapura Finance Ltd,Consumer Finance,Diversified Financials
S29.SI,S29,Stamford Tyres Corporation Limited,Distributors,Retailing
S35.SI,S35,Sing Investments & Finance Limited,Consumer Finance,Diversified Financials
S3N.SI,S3N,OKH Global Ltd.,Construction and Engineering,Capital Goods
S41.SI,S41,Hong Leong Finance Limited,Consumer Finance,Diversified Financials
S44.SI,S44,EnGro Corporation Limited,Construction Materials,Materials
S45U.SI,S45U,Singapore Index Fund,Capital Markets,Diversified Financials
S46.SI,S46,San Teh Ltd,Hotels | Restaurants and Leisure,Consumer Services
S49.SI,S49,Singapore Reinsurance Corporation Limited,Insurance,Insurance
S51.SI,S51,Sembcorp Marine Ltd,Machinery,Capital Goods
S56.SI,S56,Samudera Shipping Line Ltd,Marine,Transportation
S58.SI,S58,SATS Ltd.,Transportation Infrastructure,Transportation
S59.SI,S59,SIA Engineering Company Limited,Transportation Infrastructure,Transportation
S61.SI,S61,SBS Transit Ltd,Road and Rail,Transportation
S63.SI,S63,Singapore Technologies Engineering Ltd,Aerospace and Defense,Capital Goods
S68.SI,S68,Singapore Exchange Limited,Diversified Financial Services,Diversified Financials
S69.SI,S69,Serial System Ltd,Electronic Equipment | Instruments and Components,Technology Hardware and Equipment
S6NU.SI,S6NU,Croesus Retail Trust,Real Estate Management and Development,Real Estate
S71.SI,S71,Sunright Limited,Semiconductors and Semiconductor Equipment,Semiconductors and Semiconductor Equipment
S7OU.SI,S7OU,Asian Pay Television Trust,Media,Media
S7P.SI,S7P,Soilbuild Construction Group Ltd.,Construction and Engineering,Capital Goods
S85.SI,S85,Straco Corporation Limited,Hotels | Restaurants and Leisure,Consumer Services
S91.SI,S91,Alibaba Pictures Group Limited,Media,Media
S9B.SI,S9B,TEE Land Limited,Real Estate Management and Development,Real Estate
SK3.SI,SK3,KrisEnergy Ltd.,Oil | Gas and Consumable Fuels,Energy
SK6U.SI,SK6U,SPH REIT,Equity Real Estate Investment Trusts (REITs),Real Estate
SK7.SI,SK7,OUE Hospitality Trust,Equity Real Estate Investment Trusts (REITs),Real Estate
SV3U.SI,SV3U,Soilbuild Business Space REIT,Equity Real Estate Investment Trusts (REITs),Real Estate
T03.SI,T03,Tat Hong Holdings Ltd,Trading Companies and Distributors,Capital Goods
T09.SI,T09,TT International Limited,Specialty Retail,Retailing
T12.SI,T12,Tat Seng Packaging Group Ltd,Containers and Packaging,Materials
T13.SI,T13,RH PetroGas Limited,Oil | Gas and Consumable Fuels,Energy
T14.SI,T14,Tianjin Zhongxin Pharmaceutical Group Corporation Limited,Pharmaceuticals,Pharmaceuticals | Biotechnology and Life Sciences
T18.SI,T18,TPV Technology Limited,Technology Hardware | Storage and Peripherals,Technology Hardware and Equipment
T19.SI,T19,Transcorp Holdings Limited,Specialty Retail,Retailing
T24.SI,T24,Tuan Sing Holdings Limited,Real Estate Management and Development,Real Estate
T39.SI,T39,Singapore Press Holdings Limited,Media,Media
T41.SI,T41,Telechoice International Limited,Electronic Equipment | Instruments and Components,Technology Hardware and Equipment
T42.SI,T42,China Auto Electronics Group Limited,Auto Components,Automobiles and Components
T43.SI,T43,Techcomp (Holdings) Limited,Healthcare Providers and Services,Healthcare Equipment and Services
T4B.SI,T4B,Sino Grandness Food Industry Group Limited,Food Products,Food | Beverage and Tobacco
T4E.SI,T4E,Compact Metal Industries Ltd,Building Products,Capital Goods
T55.SI,T55,TIH Limited,Capital Markets,Diversified Financials
T6I.SI,T6I,ValueMax Group Limited,Consumer Finance,Diversified Financials
T82U.SI,T82U,Suntec Real Estate Investment Trust,Equity Real Estate Investment Trusts (REITs),Real Estate
T8B.SI,T8B,Viva Industrial Trust,Equity Real Estate Investment Trusts (REITs),Real Estate
T8JU.SI,T8JU,Saizen Real Estate Investment Trust,Equity Real Estate Investment Trusts (REITs),Real Estate
T8V.SI,T8V,Pacific Radiance Ltd.,Energy Equipment and Services,Energy
TQ5.SI,TQ5,Frasers Centrepoint Limited,Real Estate Management and Development,Real Estate
TS0U.SI,TS0U,OUE Commercial Real Estate Investment Trust,Equity Real Estate Investment Trusts (REITs),Real Estate
U04.SI,U04,United Engineers Limited,Construction and Engineering,Capital Goods
U06.SI,U06,United Industrial Corporation Limited,Real Estate Management and Development,Real Estate
U09.SI,U09,UPP Holdings Limited,Paper and Forest Products,Materials
U10.SI,U10,UOB-Kay Hian Holdings Limited,Capital Markets,Diversified Financials
U11.SI,U11,United Overseas Bank Limited,Banks,Banks
U13.SI,U13,United Overseas Insurance Limited,Insurance,Insurance
U14.SI,U14,UOL Group Limited,Real Estate Management and Development,Real Estate
U19.SI,U19,CITIC Envirotech Ltd.,Commercial Services and Supplies,Commercial and Professional Services
U6C.SI,U6C,PACC Offshore Services Holdings Ltd.,Energy Equipment and Services,Energy
U77.SI,U77,Sarine Technologies Ltd.,Machinery,Capital Goods
U96.SI,U96,Sembcorp Industries Ltd,Industrial Conglomerates,Capital Goods
U9E.SI,U9E,China Everbright Water Limited,Water Utilities,Utilities
UD1U.SI,UD1U,IREIT Global,Equity Real Estate Investment Trusts (REITs),Real Estate
UD2.SI,UD2,Japfa Ltd.,Food Products,Food | Beverage and Tobacco
UQ4.SI,UQ4,EMAS Offshore Limited,Energy Equipment and Services,Energy
UQ7.SI,UQ7,Blue Sky Power Holdings Limited,Commercial Services and Supplies,Commercial and Professional Services
UV1.SI,UV1,Regal International Group Ltd.,Electronic Equipment | Instruments and Components,Technology Hardware and Equipment
V01.SI,V01,VICOM Ltd,Commercial Services and Supplies,Commercial and Professional Services
V03.SI,V03,Venture Corporation Limited,Electronic Equipment | Instruments and Components,Technology Hardware and Equipment
W05.SI,W05,Wing Tai Holdings Limited,Real Estate Management and Development,Real Estate
Y03.SI,Y03,Yeo Hiap Seng Limited,Food Products,Food | Beverage and Tobacco
Y06.SI,Y06,Green Build Technology Limited,Containers and Packaging,Materials
Y35.SI,Y35,CEFC International Limited,Oil | Gas and Consumable Fuels,Energy
Y45.SI,Y45,Singapore Myanmar Investco Limited,Trading Companies and Distributors,Capital Goods
Y92.SI,Y92,Thai Beverage Public Company Limited,Beverages,Food | Beverage and Tobacco
Z25.SI,Z25,Yanlord Land Group Limited,Real Estate Management and Development,Real Estate
Z59.SI,Z59,Yoma Strategic Holdings Ltd.,Real Estate Management and Development,Real Estate
Z74.SI,Z74,Singapore Telecommunications Limited,Diversified Telecommunication Services,Telecommunication Services
